feature,lambda,sample_expectation,sample_deviation,expectation,beta
bio1,5.8795313571336410,0.87407407407407400,0.026013959883587012,0.84806011424639400,1.0000000000000000
bio2,4.0135187935158290,0.88518518518518530,0.024660474512886000,0.86052471060926280,1.0000000000000000
