feature,lambda,sample_expectation,sample_deviation,expectation,beta
bio1,0.0000000000000000,0.50000000000000000,0.10638078975070428,0.49999999999999994,1.0000000000000000
bio2,0.0000000000000000,0.50000000000000000,0.10638078975070428,0.49999999999999983,1.0000000000000000
